Date,Link,Text
2019-07-10 20:37,https://wilmington.craigslist.org/lab/d/wilmington-handyman-wanted-hr-make-your/6931218620.html,Handyman Wanted! $20-$35/hr. Make your own schedule
2019-07-09 09:16,https://wilmington.craigslist.org/fbh/d/wilmington-make-2000-guaranteed-plus/6929842099.html,MAKE $2000 GUARANTEED* (PLUS TIPS) WITH INSTACART - SIGN UP AND START EARNING
2019-07-09 09:17,https://wilmington.craigslist.org/etc/d/wilmington-make-2000-guaranteed-plus/6929842112.html,MAKE $2000 GUARANTEED* (PLUS TIPS) WITH INSTACART - SIGN UP AND START EARNING
2019-07-09 09:17,https://wilmington.craigslist.org/lab/d/wilmington-make-2000-guaranteed-plus/6929842127.html,MAKE $2000 GUARANTEED* (PLUS TIPS) WITH INSTACART - SIGN UP AND START EARNING
2019-07-09 09:15,https://wilmington.craigslist.org/fbh/d/south-brunswick-make-2000-guaranteed/6929840990.html,MAKE $2000 GUARANTEED* (PLUS TIPS) WITH INSTACART - SIGN UP AND START EARNING
2019-07-09 09:15,https://wilmington.craigslist.org/etc/d/south-brunswick-make-2000-guaranteed/6929841008.html,MAKE $2000 GUARANTEED* (PLUS TIPS) WITH INSTACART - SIGN UP AND START EARNING
2019-07-09 09:16,https://wilmington.craigslist.org/lab/d/south-brunswick-make-2000-guaranteed/6929841028.html,MAKE $2000 GUARANTEED* (PLUS TIPS) WITH INSTACART - SIGN UP AND START EARNING
2019-07-09 09:16,https://wilmington.craigslist.org/csr/d/wilmington-make-2000-guaranteed-plus/6929842081.html,MAKE $2000 GUARANTEED* (PLUS TIPS) WITH INSTACART - SIGN UP AND START EARNING
2019-07-09 09:14,https://wilmington.craigslist.org/csr/d/south-brunswick-make-2000-guaranteed/6929840969.html,MAKE $2000 GUARANTEED* (PLUS TIPS) WITH INSTACART - SIGN UP AND START EARNING
2019-07-08 11:46,https://wilmington.craigslist.org/trd/d/wilmington-handyman-wanted-hr-make-your/6929153888.html,Handyman Wanted! $20-$35/hr. Make your own schedule
2019-07-08 10:23,https://wilmington.craigslist.org/trp/d/wilmington-cdl-local-truck-driver-home/6929073317.html,"CDL-A Local Truck Driver - Home Daily in Wilmington, NC"
2019-07-07 13:36,https://wilmington.craigslist.org/trd/d/wilmington-handyman-wanted-hr-make-your/6928532842.html,Handyman Wanted! $20-$35/hr. Make your own schedule
2019-07-06 17:40,https://wilmington.craigslist.org/fbh/d/wilmington-guest-room-attendant/6928110531.html,Guest Room Attendant/Housekeeper at ARRIVE Wilmington
2019-07-06 07:07,https://wilmington.craigslist.org/trd/d/wilmington-handyman-wanted-hr-make-your/6927662303.html,Handyman Wanted! $20-$35/hr. Make your own schedule
2019-07-04 15:13,https://wilmington.craigslist.org/trd/d/wilmington-handyman-wanted-hr-make-your/6926675213.html,Handyman Wanted! $20-$35/hr. Make your own schedule
2019-07-03 13:46,https://wilmington.craigslist.org/lab/d/wilmington-handyman-wanted-hr-make-your/6925994263.html,Handyman Wanted! $20-$35/hr. Make your own schedule
2019-07-02 14:57,https://wilmington.craigslist.org/trd/d/wilmington-handyman-wanted-hr-make-your/6925312949.html,Handyman Wanted! $20-$35/hr. Make your own schedule
2019-07-02 10:24,https://wilmington.craigslist.org/csr/d/wilmington-guest-service-representative/6925059034.html,Guest Service Representative - Parking Lot Cashier/Attendant
2019-07-01 11:48,https://wilmington.craigslist.org/trd/d/wilmington-handyman-wanted-hr-make-your/6924353626.html,Handyman Wanted! $20-$35/hr. Make your own schedule
2019-07-01 09:12,https://wilmington.craigslist.org/etc/d/wilmington-make-2000-guaranteed-plus/6924224003.html,MAKE $2000 GUARANTEED* (PLUS TIPS) WITH INSTACART - SIGN UP AND START EARNING
2019-07-01 09:13,https://wilmington.craigslist.org/lab/d/wilmington-make-2000-guaranteed-plus/6924224025.html,MAKE $2000 GUARANTEED* (PLUS TIPS) WITH INSTACART - SIGN UP AND START EARNING
2019-07-01 09:11,https://wilmington.craigslist.org/csr/d/wilmington-make-2000-guaranteed-plus/6924223970.html,MAKE $2000 GUARANTEED* (PLUS TIPS) WITH INSTACART - SIGN UP AND START EARNING
2019-07-01 09:12,https://wilmington.craigslist.org/fbh/d/wilmington-make-2000-guaranteed-plus/6924223983.html,MAKE $2000 GUARANTEED* (PLUS TIPS) WITH INSTACART - SIGN UP AND START EARNING
2019-06-30 07:17,https://wilmington.craigslist.org/lab/d/wilmington-handyman-wanted-hr-make-your/6923577142.html,Handyman Wanted! $20-$35/hr. Make your own schedule
2019-06-29 14:46,https://wilmington.craigslist.org/lab/d/wilmington-handyman-wanted-hr-make-your/6923225939.html,Handyman Wanted! $20-$35/hr. Make your own schedule
2019-06-28 13:46,https://wilmington.craigslist.org/trd/d/wilmington-handyman-wanted-hr-make-your/6922439763.html,Handyman Wanted! $20-$35/hr. Make your own schedule
2019-06-27 12:48,https://wilmington.craigslist.org/trd/d/wilmington-handyman-wanted-hr-make-your/6921631428.html,Handyman Wanted! $20-$35/hr. Make your own schedule
2019-06-26 09:37,https://wilmington.craigslist.org/lab/d/wilmington-handyman-wanted-hr-make-your/6920708981.html,Handyman Wanted! $20-$35/hr. Make your own schedule
2019-06-25 13:37,https://wilmington.craigslist.org/lab/d/wilmington-handyman-wanted-hr-make-your/6920143947.html,Handyman Wanted! $20-$35/hr. Make your own schedule
2019-06-25 13:13,https://wilmington.craigslist.org/fbh/d/wilmington-merchandisers-stockers/6920120753.html,Merchandisers/Stockers
2019-06-25 13:13,https://wilmington.craigslist.org/mnu/d/wilmington-merchandisers-stockers/6920120754.html,Merchandisers/Stockers
2019-06-24 10:37,https://wilmington.craigslist.org/lab/d/wilmington-handyman-wanted-hr-make-your/6919156731.html,Handyman Wanted! $20-$35/hr. Make your own schedule
2019-06-23 17:47,https://wilmington.craigslist.org/trd/d/wilmington-hiring-general-handyman-hr/6918791905.html,Hiring general handyman! $20-35/hr. Flexible schedule!
2019-06-22 20:48,https://wilmington.craigslist.org/trd/d/wilmington-handyman-wanted-hr-make-your/6918287830.html,Handyman Wanted! $20-$35/hr. Make your own schedule
2019-06-21 18:17,https://wilmington.craigslist.org/lab/d/wilmington-handyman-wanted-hr-make-your/6917488371.html,Handyman Wanted! $20-$35/hr. Make your own schedule
2019-06-20 09:44,https://wilmington.craigslist.org/edu/d/boys-town-houseparents/6916241264.html,Houseparents
2019-06-20 09:44,https://wilmington.craigslist.org/npo/d/boys-town-houseparents/6916241265.html,Houseparents
2019-06-19 15:54,https://wilmington.craigslist.org/lab/d/wrightsville-beach-needed-immediately/6915804640.html,NEEDED IMMEDIATELY - WRIGHTSVILLE BCH - GENERAL LABOR CLEAN UP
2019-06-19 13:27,https://wilmington.craigslist.org/trd/d/wilmington-handyman-wanted-hr-make-your/6915660843.html,Handyman Wanted! $20-$40/hr. Make your own schedule
2019-06-18 13:53,https://wilmington.craigslist.org/lab/d/wilmington-handyman-wanted-hr-make-your/6914893185.html,Handyman Wanted! $20-$40/hr. Make your own schedule
2019-07-10 17:05,https://wilmington.craigslist.org/trp/d/wilmington-uber-driver-partner-cash-out/6931071203.html,UBER Driver-Partner: CASH OUT earnings up to 5x a day w/INSTANT PAY!!
2019-07-10 16:05,https://wilmington.craigslist.org/egr/d/wilmington-construction-materials-field/6931020378.html,Construction Materials Field Technician
2019-07-10 16:05,https://wilmington.craigslist.org/lab/d/wilmington-construction-materials-field/6931020379.html,Construction Materials Field Technician
2019-07-10 10:21,https://wilmington.craigslist.org/lab/d/wilmington-uber-driver-partner-cash-out/6930689515.html,UBER Driver-Partner: CASH OUT earnings up to 5x a day w/INSTANT PAY!!
2019-07-10 09:24,https://wilmington.craigslist.org/lab/d/wilmington-part-time-janitorial/6930647596.html,Part Time Janitorial Cleaners Needed
2019-07-10 09:10,https://wilmington.craigslist.org/trp/d/wilmington-uber-driver-partner-be-your/6930633704.html,UBER Driver-Partner: Be Your Own Boss and Make MONEY on Your Schedule
2019-07-09 17:06,https://wilmington.craigslist.org/trp/d/wilmington-uber-driver-partner-be-your/6930280032.html,UBER Driver-Partner: Be Your Own Boss and Make MONEY on Your Schedule
2019-07-09 13:05,https://wilmington.craigslist.org/csr/d/wilmington-uber-driver-partner-be-your/6930046606.html,UBER Driver-Partner: Be Your Own Boss and Make MONEY on Your Schedule
2019-07-09 12:46,https://wilmington.craigslist.org/lab/d/wilmington-landscape-maintenance/6930031282.html,"Landscape Maintenance, Account Manager"
2019-07-09 11:25,https://wilmington.craigslist.org/trp/d/now-hiring-dedicated-southeast-regional/6929949894.html,☎☎☎ NOW HIRING DEDICATED SOUTHEAST REGIONAL DRIVERS!
2019-07-09 11:24,https://wilmington.craigslist.org/trd/d/journeyman-carpenters-painters-t-travel/6929949263.html,JOURNEYMAN CARPENTERS & PAINTERS -F/T TRAVEL *GREAT PAY & BENIFITS*
2019-06-17 18:46,https://wilmington.craigslist.org/lab/d/wilmington-handyman-wanted-hr-make-your/6914345171.html,Handyman Wanted! $20-$40/hr. Make your own schedule
2019-07-09 09:29,https://wilmington.craigslist.org/trp/d/wilmington-cdl-local-truck-driver-home/6929852906.html,"CDL-A Local Truck Driver - Home Daily in Wilmington, NC"
2019-07-09 09:10,https://wilmington.craigslist.org/trp/d/wilmington-want-to-set-your-schedule-be/6929835468.html,Want to set your schedule? Be Your Own Boss as an UBER Driver-Partner!
2019-06-17 15:29,https://wilmington.craigslist.org/lab/d/wilmington-handyman-wanted-hr-make-your/6914176882.html,Handyman Wanted! $20-$40/hr. Make your own schedule
2019-06-17 13:08,https://wilmington.craigslist.org/lab/d/wilmington-handyman-wanted-hr-make-your/6914025978.html,Handyman Wanted! $20-$40/hr. Make your own schedule
2019-06-17 13:03,https://wilmington.craigslist.org/lab/d/wilmington-handyman-wanted-hr-make-your/6914020748.html,Handyman Wanted! $20-$40/hr. Make your own schedule
2019-06-17 12:58,https://wilmington.craigslist.org/lab/d/wilmington-handyman-wanted-hr-make-your/6914015408.html,Handyman Wanted! $20-$40/hr. Make your own schedule
2019-06-17 12:53,https://wilmington.craigslist.org/lab/d/wilmington-handyman-wanted-hr-make-your/6914009877.html,Handyman Wanted! $20-$40/hr. Make your own schedule
2019-06-17 12:48,https://wilmington.craigslist.org/lab/d/wilmington-handyman-wanted-hr-make-your/6914004838.html,Handyman Wanted! $20-$40/hr. Make your own schedule
2019-06-17 12:30,https://wilmington.craigslist.org/sls/d/wilmington-sales-reps-wantedbegin/6913996758.html,Sales Reps Wanted:Begin Immediately
2019-07-08 17:10,https://wilmington.craigslist.org/csr/d/wilmington-want-to-set-your-schedule-be/6929476756.html,Want to set your schedule? Be Your Own Boss as an UBER Driver-Partner!
2019-06-17 09:12,https://wilmington.craigslist.org/lab/d/wilmington-make-2000-guaranteed-plus/6913813645.html,MAKE $2000 GUARANTEED* (PLUS TIPS) WITH INSTACART - SIGN UP AND START EARNING
2019-06-17 09:11,https://wilmington.craigslist.org/csr/d/wilmington-make-2000-guaranteed-plus/6913813590.html,MAKE $2000 GUARANTEED* (PLUS TIPS) WITH INSTACART - SIGN UP AND START EARNING
2019-06-17 09:11,https://wilmington.craigslist.org/fbh/d/wilmington-make-2000-guaranteed-plus/6913813607.html,MAKE $2000 GUARANTEED* (PLUS TIPS) WITH INSTACART - SIGN UP AND START EARNING
2019-06-17 09:12,https://wilmington.craigslist.org/etc/d/wilmington-make-2000-guaranteed-plus/6913813626.html,MAKE $2000 GUARANTEED* (PLUS TIPS) WITH INSTACART - SIGN UP AND START EARNING
2019-07-08 13:49,https://wilmington.craigslist.org/sls/d/wilmington-part-time-openings-same-day/6929284444.html,Part Time Openings - Same Day Interviews Available
2019-07-08 13:02,https://wilmington.craigslist.org/fbh/d/wilmington-uber-driver-partner-be-your/6929233330.html,UBER Driver-Partner: Be Your Own Boss and Make MONEY on Your Schedule
2019-07-08 10:48,https://wilmington.craigslist.org/csr/d/wilmington-customer-associates-needed/6929096702.html,Customer Associates Needed -- Start ASAP
2019-07-08 10:25,https://wilmington.craigslist.org/mnu/d/leland-warehouse-staff-associate/6929074928.html,Warehouse Staff Associate / Forklift Driver
2019-07-08 10:25,https://wilmington.craigslist.org/ret/d/leland-warehouse-staff-associate/6929074930.html,Warehouse Staff Associate / Forklift Driver
2019-07-08 09:03,https://wilmington.craigslist.org/trp/d/wilmington-uber-driver-partner-cash-out/6929011759.html,UBER Driver-Partner: CASH OUT earnings up to 5x a day w/INSTANT PAY!!
2019-07-05 11:42,https://wilmington.craigslist.org/trd/d/sunset-beach-hvac-technician-full-time/6927083142.html,HVAC Technician Full time work!
2019-06-15 19:11,https://wilmington.craigslist.org/lab/d/wilmington-handyman-wanted-hr-make-your/6913026871.html,Handyman Wanted! $20-$40/hr. Make your own schedule
2019-07-03 17:01,https://wilmington.craigslist.org/trp/d/wilmington-uber-driver-partner-cash-out/6926157279.html,UBER Driver-Partner: CASH OUT earnings up to 5x a day w/INSTANT PAY!!
2019-07-03 13:07,https://wilmington.craigslist.org/csr/d/wilmington-uber-driver-partner-be-your/6925952061.html,UBER Driver-Partner: Be Your Own Boss and Make MONEY on Your Schedule
2019-07-03 11:41,https://wilmington.craigslist.org/fbh/d/wilmington-want-to-set-your-schedule-be/6925877135.html,Want to set your schedule? Be Your Own Boss as an UBER Driver-Partner!
2019-07-03 08:51,https://wilmington.craigslist.org/lab/d/wilmington-2nd-income/6925750719.html,2nd Income
2019-06-14 16:22,https://wilmington.craigslist.org/sls/d/wilmington-untappd-sales-representative/6912183372.html,Untappd Sales Representative
2019-07-02 13:05,https://wilmington.craigslist.org/csr/d/wilmington-uber-driver-partner-be-your/6925205221.html,UBER Driver-Partner: Be Your Own Boss and Make MONEY on Your Schedule
2019-07-02 12:06,https://wilmington.craigslist.org/trp/d/now-hiring-dedicated-southeast-regional/6925150557.html,☎☎☎ NOW HIRING DEDICATED SOUTHEAST REGIONAL DRIVERS!
2019-07-02 11:40,https://wilmington.craigslist.org/fbh/d/wilmington-uber-driver-partner-cash-out/6925124792.html,UBER Driver-Partner: CASH OUT earnings up to 5x a day w/INSTANT PAY!!
2019-07-02 11:26,https://wilmington.craigslist.org/trp/d/wilmington-cdl-local-truck-driver-home/6925112408.html,"CDL-A Local Truck Driver - Home Daily in Wilmington, NC"
2019-07-02 10:25,https://wilmington.craigslist.org/lab/d/wilmington-uber-driver-partner-cash-out/6925055170.html,UBER Driver-Partner: CASH OUT earnings up to 5x a day w/INSTANT PAY!!
2019-07-01 17:54,https://wilmington.craigslist.org/rej/d/wilmington-assistant-community-manager/6924693173.html,Assistant Community Manager- Headwaters at Autumn Hall
2019-06-13 20:23,https://wilmington.craigslist.org/lab/d/wilmington-handyman-wanted-hr-make-your/6911583926.html,Handyman Wanted! $20-$40/hr. Make your own schedule
2019-07-01 13:14,https://wilmington.craigslist.org/trp/d/wilmington-cdl-local-truck-driver-home/6924439397.html,"CDL-A Local Truck Driver - Home Daily in Wilmington, NC"
2019-07-01 11:49,https://wilmington.craigslist.org/fbh/d/wilmington-uber-driver-partner-cash-out/6924347314.html,UBER Driver-Partner: CASH OUT earnings up to 5x a day w/INSTANT PAY!!
2019-07-01 10:27,https://wilmington.craigslist.org/lab/d/wilmington-uber-driver-partner-cash-out/6924276028.html,UBER Driver-Partner: CASH OUT earnings up to 5x a day w/INSTANT PAY!!
2019-07-01 09:07,https://wilmington.craigslist.org/trp/d/wilmington-want-to-set-your-schedule-be/6924219956.html,Want to set your schedule? Be Your Own Boss as an UBER Driver-Partner!
2019-06-13 13:14,https://wilmington.craigslist.org/hea/d/wilmington-certified-nursing-assistants/6911236704.html,"Certified Nursing Assistants ""CNA"""
2019-06-12 13:51,https://wilmington.craigslist.org/lab/d/wilmington-handyman-wanted-hr-make-your/6910497212.html,Handyman Wanted! $20-$40/hr. Make your own schedule
2019-06-12 10:02,https://wilmington.craigslist.org/trd/d/wilmington-metal-fabricator/6910283064.html,Metal Fabricator
2019-06-27 13:10,https://wilmington.craigslist.org/csr/d/wilmington-uber-driver-partner-be-your/6921646205.html,UBER Driver-Partner: Be Your Own Boss and Make MONEY on Your Schedule
2019-06-27 11:39,https://wilmington.craigslist.org/fbh/d/wilmington-uber-driver-partner-cash-out/6921569128.html,UBER Driver-Partner: CASH OUT earnings up to 5x a day w/INSTANT PAY!!
2019-06-11 15:02,https://wilmington.craigslist.org/trd/d/wilmington-handyman-wanted-hr-make-your/6909784844.html,Handyman Wanted! $20-$40/hr. Make your own schedule
2019-06-26 13:34,https://wilmington.craigslist.org/lab/d/wilmington-property-maintainence/6920925256.html,property maintainence
2019-06-26 13:08,https://wilmington.craigslist.org/csr/d/wilmington-uber-driver-partner-be-your/6920895280.html,UBER Driver-Partner: Be Your Own Boss and Make MONEY on Your Schedule
2019-06-11 07:22,https://wilmington.craigslist.org/trd/d/wilmington-handyman-wanted-hr-make-your/6909414679.html,Handyman Wanted! $20-$40/hr. Make your own schedule
2019-06-26 11:42,https://wilmington.craigslist.org/fbh/d/wilmington-want-to-set-your-schedule-be/6920814202.html,Want to set your schedule? Be Your Own Boss as an UBER Driver-Partner!
2019-06-26 10:21,https://wilmington.craigslist.org/lab/d/wilmington-uber-driver-partner-cash-out/6920742382.html,UBER Driver-Partner: CASH OUT earnings up to 5x a day w/INSTANT PAY!!
2019-06-25 17:04,https://wilmington.craigslist.org/trp/d/wilmington-uber-driver-partner-be-your/6920335918.html,UBER Driver-Partner: Be Your Own Boss and Make MONEY on Your Schedule
2019-06-25 13:05,https://wilmington.craigslist.org/csr/d/wilmington-uber-driver-partner-be-your/6920110951.html,UBER Driver-Partner: Be Your Own Boss and Make MONEY on Your Schedule
2019-06-25 11:46,https://wilmington.craigslist.org/fbh/d/wilmington-uber-driver-partner-cash-out/6920027707.html,UBER Driver-Partner: CASH OUT earnings up to 5x a day w/INSTANT PAY!!
2019-06-25 11:47,https://wilmington.craigslist.org/trp/d/wilmington-cdl-local-truck-driver-home/6920034976.html,"CDL-A Local Truck Driver - Home Daily in Wilmington, NC"
2019-06-25 10:31,https://wilmington.craigslist.org/trp/d/now-hiring-dedicated-southeast-regional/6919965310.html,☎☎☎ NOW HIRING DEDICATED SOUTHEAST REGIONAL DRIVERS!
2019-06-10 18:35,https://wilmington.craigslist.org/lab/d/wilmington-handyman-wanted-hr-make-your/6909169012.html,Handyman Wanted! $20-$40/hr. Make your own schedule
2019-06-25 10:22,https://wilmington.craigslist.org/lab/d/wilmington-uber-driver-partner-cash-out/6919955253.html,UBER Driver-Partner: CASH OUT earnings up to 5x a day w/INSTANT PAY!!
2019-06-25 09:11,https://wilmington.craigslist.org/trp/d/wilmington-want-to-set-your-schedule-be/6919898936.html,Want to set your schedule? Be Your Own Boss as an UBER Driver-Partner!
2019-06-10 10:06,https://wilmington.craigslist.org/trp/d/wilmington-cdl-local-truck-driver-home/6908692841.html,"CDL-A Local Truck Driver - Home Daily in Wilmington, NC"
2019-06-24 17:09,https://wilmington.craigslist.org/csr/d/wilmington-want-to-set-your-schedule-be/6919539058.html,Want to set your schedule? Be Your Own Boss as an UBER Driver-Partner!
2019-06-10 09:10,https://wilmington.craigslist.org/csr/d/wilmington-make-2000-guaranteed-plus/6908650107.html,MAKE $2000 GUARANTEED* (PLUS TIPS) WITH INSTACART - SIGN UP AND START EARNING
2019-06-10 09:11,https://wilmington.craigslist.org/fbh/d/wilmington-make-2000-guaranteed-plus/6908650124.html,MAKE $2000 GUARANTEED* (PLUS TIPS) WITH INSTACART - SIGN UP AND START EARNING
2019-06-10 09:12,https://wilmington.craigslist.org/etc/d/wilmington-make-2000-guaranteed-plus/6908650143.html,MAKE $2000 GUARANTEED* (PLUS TIPS) WITH INSTACART - SIGN UP AND START EARNING
2019-06-10 09:12,https://wilmington.craigslist.org/lab/d/wilmington-make-2000-guaranteed-plus/6908650156.html,MAKE $2000 GUARANTEED* (PLUS TIPS) WITH INSTACART - SIGN UP AND START EARNING
2019-06-10 08:04,https://wilmington.craigslist.org/trd/d/wilmington-handyman-wanted-hr-make-your/6908618733.html,Handyman Wanted! $20-$40/hr. Make your own schedule
2019-06-24 13:07,https://wilmington.craigslist.org/fbh/d/wilmington-uber-driver-partner-be-your/6919304424.html,UBER Driver-Partner: Be Your Own Boss and Make MONEY on Your Schedule
2019-06-24 11:11,https://wilmington.craigslist.org/lab/d/wilmington-uber-driver-partner-be-your/6919180137.html,UBER Driver-Partner: Be Your Own Boss and Make MONEY on Your Schedule
2019-06-24 11:06,https://wilmington.craigslist.org/trp/d/carolina-beach-drive-with-doordash-earn/6919184224.html,"Drive with DoorDash, Earn up to $18/hr"
2019-06-24 11:06,https://wilmington.craigslist.org/fbh/d/carolina-beach-drive-with-doordash-earn/6919184225.html,"Drive with DoorDash, Earn up to $18/hr"
